"First Name","Last Name","Gender","Age","Occupation"
"Ellia","Chapman","Female","18","Composer"
"Alisa","Rogers","Female","29","Carpenter"
"Byron","Williams","Male","27","Chemist"
"Cadie","Clark","Female","19","Driver"
"John","Cunningham","Male","20","Economist"
"Nicole","Fowler","Female","19","Architect"
"Amelia","Baker","Female","28","Veterinarian"
"Tyler","Murphy","Male","21","Actor"
"Frederick","Ellis","Male","26","Photographer"
"Joyce","Richardson","Female","29","Producer"
"Oliver","Davis","Male","22","Florist"
"Vincent","Moore","Male","21","Lecturer"
"Agata","Hamilton","Female","18","Economist"
"Maya","Morrison","Female","25","Interior Designer"
"Rubie","Moore","Female","18","Archeologist"
"Frederick","Grant","Male","23","Agronomist"
"Alina","Moore","Female","18","Graphic Designer"
"Justin","Harrison","Male","18","Manager"
"Ted","Allen","Male","27","Biochemist"
"Chloe","Kelly","Female","27","Geologist"
"Maya","Morgan","Female","24","Social Worker"
"Caroline","Kelley","Female","23","Geologist"
"Miranda","Edwards","Female","27","Aeroplane Pilot"
"Kellan","Douglas","Male","29","Aeroplane Pilot"
"Robert","Edwards","Male","26","Archeologist"
"Reid","Cole","Male","28","Economist"
"Roman","Foster","Male","22","Archeologist"
"Deanna","Murphy","Female","19","Programmer"
"Rubie","Hamilton","Female","29","Jeweller"
"Michael","Perry","Male","19","Insurer"
"Ted","Hunt","Male","30","Dancer"
"Camila","Morris","Female","30","Firefighter"
"William","Richardson","Male","18","Social Worker"
"Alisa","Dixon","Female","27","Dancer"
"Miley","Adams","Female","18","Fine Artist"
"Lenny","Gray","Male","20","Manager"
"Amber","Hunt","Female","28","Economist"
"Richard","Barrett","Male","29","Lecturer"
"Richard","Mitchell","Male","24","Architect"
"Dale","Johnson","Male","24","Archeologist"
"Max","Alexander","Male","28","Police Officer"
"Steven","Stewart","Male","28","Interior Designer"
"Byron","Robinson","Male","28","Jeweller"
"Fenton","Allen","Male","28","Dancer"
"Ryan","Thompson","Male","22","Driver"
"Jenna","Montgomery","Female","28","Auditor"
"Emma","Foster","Female","20","Engineer"
"Rafael","Perry","Male","23","Programmer"
"Carl","Barrett","Male","28","Composer"
"Emma","Warren","Female","29","Carpenter"
"Amanda","Harris","Female","19","Actor"
"Derek","Turner","Male","21","Actor"
"Albert","Higgins","Male","21","Agronomist"
"Agata","Adams","Female","29","Composer"
"Robert","Cunningham","Male","19","Graphic Designer"
"Alen","Casey","Male","30","Florist"
"Alford","Barnes","Male","27","Driver"
"Rosie","Wells","Female","24","Lawer"
"Naomi","Harris","Female","18","Hairdresser"
"Stuart","Wright","Male","25","Pharmacist"
"Max","Dixon","Male","26","Lecturer"
"Maximilian","Elliott","Male","18","Cook"
"Blake","Fowler","Male","25","Composer"
"Alina","Douglas","Female","26","Singer"
"Tyler","Walker","Male","27","Social Worker"
"Maya","Murray","Female","26","Insurer"
"Freddie","Hunt","Male","29","Veterinarian"
"Emma","Clark","Female","25","Physicist"
"Antony","Sullivan","Male","24","Jeweller"
"Alexia","Richardson","Female","22","Lecturer"
"Amy","West","Female","18","Social Worker"
"Alford","Hawkins","Male","22","Auditor"
"Alisa","Nelson","Female","20","Police Officer"
"Jessica","Morgan","Female","28","Social Worker"
"Lily","Payne","Female","19","Carpenter"
"Julian","Campbell","Male","25","Baker"
"Jessica","Cunningham","Female","25","Florist"
"Stuart","Johnston","Male","22","Historian"
"Miller","Cunningham","Male","30","Florist"
"Tyler","Baker","Male","23","Baker"
"Daniel","Bailey","Male","20","Lawer"
"Paul","Craig","Male","19","Astronomer"
"Dexter","Wright","Male","26","Accountant"
"Tony","Carter","Male","24","Archeologist"
"Eleanor","Turner","Female","18","Teacher"
"Alexia","Myers","Female","28","Producer"
"Gianna","Kelley","Female","23","Baker"
"Tony","Kelly","Male","27","Composer"
"Chelsea","Morris","Female","22","Baker"
"Jacob","Foster","Male","24","Singer"
"Jared","Wilson","Male","22","Florist"
"Alexander","Wilson","Male","30","Insurer"
"Arianna","West","Female","25","Meteorologist"
"Brooke","Harris","Female","29","Aeroplane Pilot"
"Rubie","Wells","Female","25","Chemist"
"David","Russell","Male","22","Carpenter"
"Jasmine","Williams","Female","25","Interior Designer"
"Amber","Holmes","Female","23","Veterinarian"
"Jacob","Harris","Male","29","Interior Designer"
"Derek","Russell","Male","19","Botanist"
